{"cameraMode":{"drawMode":0,"name":"Shaded","section":"Shading Mode"},"sceneLighting":false,"audioPlay":false,"sceneViewState":{"showFog":true,"showMaterialUpdate":false,"showSkybox":true,"showFlares":true,"showImageEffects":true,"showParticleSystems":true},"in2DMode":false,"pivot":{"x":-171.0142822265625,"y":338.29486083984377,"z":59.73388671875},"rotation":{"x":-0.0007415475556626916,"y":-0.999016284942627,"z":-0.04048227518796921,"w":0.01828053779900074},"size":2572.005859375,"orthographic":false}