{"cameraMode":{"drawMode":0,"name":"Shaded","section":"Shading Mode"},"sceneLighting":true,"audioPlay":false,"sceneViewState":{"showFog":true,"showMaterialUpdate":true,"showSkybox":true,"showFlares":true,"showImageEffects":true,"showParticleSystems":true},"in2DMode":false,"pivot":{"x":-8.988996505737305,"y":3.4853389263153078,"z":20.829463958740236},"rotation":{"x":-0.025346849113702775,"y":0.9977090358734131,"z":-0.08830922842025757,"w":0.028745966032147409},"size":2.033452272415161,"orthographic":false}