{"cameraMode":{"drawMode":0,"name":"Shaded","section":"Shading Mode"},"sceneLighting":true,"audioPlay":false,"sceneViewState":{"showFog":true,"showMaterialUpdate":true,"showSkybox":true,"showFlares":true,"showImageEffects":true,"showParticleSystems":true},"in2DMode":false,"pivot":{"x":213.29368591308595,"y":270.95343017578127,"z":234.56666564941407},"rotation":{"x":-0.057677678763866428,"y":0.924220860004425,"z":-0.15107977390289308,"w":-0.3479796051979065},"size":22.989999771118165,"orthographic":false}