{"cameraMode":{"drawMode":0,"name":"Shaded","section":"Shading Mode"},"sceneLighting":true,"audioPlay":false,"sceneViewState":{"showFog":true,"showMaterialUpdate":true,"showSkybox":true,"showFlares":true,"showImageEffects":true,"showParticleSystems":true},"in2DMode":false,"pivot":{"x":34.125404357910159,"y":77.00402069091797,"z":-46.65114974975586},"rotation":{"x":0.3902279734611511,"y":-0.38013389706611636,"z":0.18100503087043763,"w":0.8197404742240906},"size":22.989999771118165,"orthographic":false}