{"cameraMode":{"drawMode":2,"name":"Shaded Wireframe","section":"Shading Mode"},"sceneLighting":true,"audioPlay":false,"sceneViewState":{"showFog":true,"showMaterialUpdate":true,"showSkybox":true,"showFlares":true,"showImageEffects":true,"showParticleSystems":true},"in2DMode":false,"pivot":{"x":-68.42535400390625,"y":-112.76905059814453,"z":158.93788146972657},"rotation":{"x":0.26733875274658205,"y":-0.1977395862340927,"z":0.0312965102493763,"w":0.94429612159729},"size":308.86212158203127,"orthographic":false}